concept_id,concept_name,apa_chapter,first_appeared,all_iterations_present,wade_origin,king_origin,myers_origin,overall_origin_type,wording_changed_at_book_transition,persisted_across_multiple_books,source_confidence,excluded_as_textbook_source,wording_change_driver
FND-001,Structuralism / Wundt / introspection,Foundations: History & Approaches,Wade,"FS16,FS17,FS19,FS20v,FS21,FS22,FS24,FS25,SP18,SS17,SS20,SS21v,SS22,SS23,SS26",instructor-original,publisher-supplied,instructor-original,mixed,no,yes,canonical-common-knowledge,no,n/a
FND-002,Functionalism / William James,Foundations: History & Approaches,Wade,"FS16,FS17,FS19,FS20v,FS21,FS22,FS24,FS25,SP18,SS17,SS20,SS21v,SS22,SS23,SS26",instructor-original,publisher-supplied,instructor-original,mixed,yes,yes,canonical-common-knowledge,no,publisher-template-change
FND-003,Behaviorism (Watson / Skinner history frame),Foundations: History & Approaches,Wade,"FS16,FS17,FS19,FS20v,FS21,FS22,FS24,FS25,SP18,SS16,SS17,SS20,SS21v,SS22,SS23,SS26",instructor-original,publisher-supplied,instructor-original,mixed,no,yes,canonical-common-knowledge,no,n/a
FND-004,Psychoanalysis / Freud (historical overview),Foundations: History & Approaches,Wade,"FS16,FS17,FS19,FS20v,FS21,FS22,FS24,FS25,SP18,SS16,SS17,SS20,SS21v,SS22,SS23,SS26",instructor-original,publisher-supplied,instructor-original,mixed,no,yes,canonical-common-knowledge,no,n/a
FND-005,Humanistic psychology / Maslow / Rogers,Foundations: History & Approaches,Wade,"FS16,FS17,FS19,FS20v,FS21,FS22,FS24,FS25,SP18,SS17,SS20,SS22,SS26",instructor-original,publisher-supplied,instructor-original,mixed,yes,yes,canonical-common-knowledge,no,publisher-template-change
FND-006,Cognitive revolution,Foundations: History & Approaches,King-4e,"FS16,FS17,FS19,FS20v,FS21,FS22,FS24,FS25,SP18,SS20,SS21v,SS22,SS23,SS26",absent,publisher-supplied,instructor-original,mixed,yes,yes,canonical-common-knowledge,no,publisher-template-change
FND-007,Biopsychosocial model,Foundations: History & Approaches,King-3e,"FS16,FS17,FS19,FS20v,FS21,FS22,FS24,FS25,SP18,SS20,SS22,SS23,SS26",absent,publisher-supplied,instructor-original,mixed,no,yes,canonical-common-knowledge,no,n/a
FND-008,Nature vs. nurture,Foundations: History & Approaches,Wade,"FS16,FS17,FS19,FS20v,FS21,FS22,FS24,FS25,SP18,SS16,SS17,SS20,SS21v,SS22,SS23,SS26,Sum18",instructor-original,publisher-supplied,instructor-original,mixed,yes,yes,canonical-common-knowledge,no,publisher-template-change
FND-009,Levels of analysis / perspectives,Foundations: History & Approaches,Wade,"FS16,FS17,FS19,FS20v,FS21,FS22,FS24,FS25,SP18,SS17,SS20,SS22,SS23,SS26",instructor-original,publisher-supplied,instructor-original,mixed,yes,yes,canonical-common-knowledge,no,publisher-template-change
FND-010,Evolutionary psychology framing,Foundations: History & Approaches,Wade,"FS16,FS17,FS19,FS20v,FS21,FS22,FS24,FS25,SP18,SS17,SS20,SS21v,SS22,SS23,SS26",instructor-original,publisher-supplied,instructor-original,mixed,yes,yes,canonical-common-knowledge,no,publisher-template-change
RM-001,Correlation coefficient,Research Methods & Statistics,Wade,"FS16,FS17,FS19,FS20v,FS21,FS22,FS24,FS25,SP18,SS16,SS17,SS20,SS21v,SS22,SS23,SS26",instructor-original,instructor-original,instructor-original,instructor-original,no,yes,canonical-common-knowledge,no,n/a
RM-002,Experimental design (IV / DV / control),Research Methods & Statistics,Wade,"FS16,FS17,FS19,FS20v,FS21,FS22,FS25,SP18,SS16,SS17,SS20,SS21v,SS22,SS23,SS26",instructor-original,instructor-original,instructor-original,instructor-original,yes,yes,canonical-common-knowledge,no,publisher-template-change
RM-003,Random sampling,Research Methods & Statistics,Wade,"FS16,FS17,FS19,FS20v,FS21,FS22,FS25,SP18,SS16,SS20,SS21v,SS22,SS23,SS26",instructor-original,instructor-original,instructor-original,instructor-original,yes,yes,canonical-common-knowledge,no,publisher-template-change
RM-004,Double-blind procedure,Research Methods & Statistics,Wade,"FS16,FS17,FS19,FS20v,FS21,FS22,FS25,SP18,SS16,SS17,SS20,SS21v,SS22,SS23,SS26",instructor-original,instructor-original,instructor-original,instructor-original,yes,yes,canonical-common-knowledge,no,publisher-template-change
RM-005,Informed consent / IRB,Research Methods & Statistics,Wade,"FS16,FS17,FS19,FS20v,FS21,FS22,FS25,SP18,SS17,SS20,SS21v,SS22,SS23,SS26",instructor-original,instructor-original,instructor-original,instructor-original,yes,yes,canonical-common-knowledge,no,publisher-template-change
RM-006,Descriptive methods (survey / case study / naturalistic),Research Methods & Statistics,Wade,"FS16,FS17,FS19,FS20v,FS21,FS22,FS24,FS25,SP18,SS16,SS17,SS20,SS21v,SS22,SS23,SS26",instructor-original,instructor-original,instructor-original,instructor-original,yes,yes,canonical-common-knowledge,no,publisher-template-change
RM-007,Statistical significance,Research Methods & Statistics,Wade,"FS16,FS17,FS19,FS20v,FS21,FS22,FS25,SP18,SS17,SS20,SS21v,SS22,SS23,SS26",instructor-original,instructor-original,instructor-original,instructor-original,yes,yes,canonical-common-knowledge,no,publisher-template-change
RM-008,Descriptive vs. inferential statistics,Research Methods & Statistics,Wade,"FS16,FS17,FS19,FS20v,FS21,FS25,SP18,SS16,SS17,SS20,SS21v,SS22,SS23,SS26",instructor-original,instructor-original,instructor-original,instructor-original,no,yes,canonical-common-knowledge,no,n/a
RM-009,Placebo / placebo effect,Research Methods & Statistics,Wade,"FS16,FS17,FS19,FS20v,FS21,FS22,FS25,SP18,SS16,SS17,SS20,SS21v,SS22,SS23,SS26",instructor-original,instructor-original,instructor-original,instructor-original,yes,yes,canonical-common-knowledge,no,publisher-template-change
RM-010,Replication,Research Methods & Statistics,King-3e,"FS16,FS17,FS19,FS20v,FS21,FS22,FS25,SP18,SS17,SS20,SS21v,SS22,SS23,SS26",publisher-supplied,instructor-original,instructor-original,instructor-original,no,yes,canonical-common-knowledge,no,n/a
RM-011,Operational definition,Research Methods & Statistics,Wade,"FS16,FS17,FS19,FS20v,FS21,FS22,FS25,SP18,SS16,SS17,SS20,SS22,SS23,SS26",instructor-original,instructor-original,instructor-original,instructor-original,no,yes,canonical-common-knowledge,no,n/a
RM-012,Volunteer bias / sampling bias,Research Methods & Statistics,Wade,"FS17,FS19,FS20v,SP18,SS16,SS17,SS20",instructor-original,instructor-original,absent,instructor-original,no,yes,needs-verification,no,n/a
RM-013,Hot sauce paradigm (research example),Research Methods & Statistics,King-4e,"FS20v,FS21,FS25,SS20,SS21v,SS23,SS26",absent,instructor-original,instructor-original,instructor-original,yes,yes,canonical-common-knowledge,no,publisher-template-change
BIO-001,Neuron structure (dendrite / axon / myelin / synapse),Neuroscience & Biological Bases,Wade,"FS16,FS17,FS19,FS20v,FS21,FS22,FS24,FS25,SP18,SS16,SS17,SS20,SS21v,SS22,SS23,SS26",instructor-original,instructor-original,instructor-original,instructor-original,yes,yes,canonical-common-knowledge,no,publisher-template-change
BIO-002,Action potential / resting potential / all-or-nothing,Neuroscience & Biological Bases,Wade,"FS16,FS17,FS19,FS20v,FS21,FS22,FS24,FS25,SS16,SS17,SS20,SS21v,SS22,SS23,SS26",instructor-original,instructor-original,instructor-original,instructor-original,yes,yes,canonical-common-knowledge,no,publisher-template-change
BIO-003,Neurotransmitters overview,Neuroscience & Biological Bases,Wade,"FS16,FS17,FS19,FS20v,FS21,FS22,FS24,FS25,SP18,SS16,SS17,SS20,SS21v,SS22,SS23,SS26",instructor-original,instructor-original,instructor-original,instructor-original,yes,yes,canonical-common-knowledge,no,publisher-template-change
BIO-004,Dopamine (role / reward),Neuroscience & Biological Bases,Wade,"FS16,FS17,FS19,FS20v,FS21,FS22,FS24,FS25,SP18,SS16,SS17,SS20,SS21v,SS22,SS23,SS26",instructor-original,instructor-original,instructor-original,instructor-original,yes,yes,canonical-common-knowledge,no,publisher-template-change
BIO-005,Serotonin (role / mood),Neuroscience & Biological Bases,Wade,"FS16,FS17,FS19,FS20v,FS21,FS22,FS24,FS25,SP18,SS16,SS17,SS20,SS21v,SS23,SS26",instructor-original,instructor-original,instructor-original,instructor-original,yes,yes,canonical-common-knowledge,no,publisher-template-change
BIO-006,GABA (inhibitory),Neuroscience & Biological Bases,Wade,"FS16,FS17,FS19,FS20v,FS21,FS22,FS24,FS25,SP18,SS16,SS17,SS20,SS21v,SS23,SS26",instructor-original,instructor-original,instructor-original,instructor-original,yes,yes,canonical-common-knowledge,no,publisher-template-change
BIO-007,Oxytocin (bonding / stress),Neuroscience & Biological Bases,Wade,"FS16,FS17,FS19,FS20v,FS21,FS22,FS25,SS16,SS17,SS20,SS21v,SS23",instructor-original,instructor-original,instructor-original,instructor-original,yes,yes,canonical-common-knowledge,no,publisher-template-change
BIO-008,Cortisol (stress hormone),Neuroscience & Biological Bases,Wade,"FS16,FS17,FS19,FS20v,FS21,FS22,FS24,FS25,SS16,SS17,SS20,SS21v,SS22,SS23,SS26",instructor-original,instructor-original,instructor-original,instructor-original,yes,yes,canonical-common-knowledge,no,publisher-template-change
BIO-009,Brain imaging methods (EEG / fMRI / MRI / PET),Neuroscience & Biological Bases,Wade,"FS16,FS17,FS19,FS20v,FS21,FS22,FS24,FS25,SP18,SS16,SS17,SS20,SS21v,SS22,SS23,SS26",instructor-original,instructor-original,instructor-original,instructor-original,yes,yes,canonical-common-knowledge,no,publisher-template-change
BIO-010,Hippocampus (memory),Neuroscience & Biological Bases,Wade,"FS16,FS17,FS19,FS20v,FS21,FS22,FS24,FS25,SP18,SS16,SS17,SS20,SS21v,SS22,SS23,SS26",instructor-original,instructor-original,instructor-original,instructor-original,yes,yes,canonical-common-knowledge,no,publisher-template-change
BIO-011,Amygdala (emotion / fear),Neuroscience & Biological Bases,Wade,"FS16,FS17,FS19,FS20v,FS21,FS22,FS24,FS25,SP18,SS16,SS17,SS20,SS21v,SS22,SS23,SS26",instructor-original,instructor-original,instructor-original,instructor-original,no,yes,canonical-common-knowledge,no,n/a
BIO-012,Prefrontal cortex (planning / executive),Neuroscience & Biological Bases,Wade,"FS16,FS17,FS19,FS20v,FS21,FS22,FS24,FS25,SP18,SS16,SS17,SS20,SS21v,SS22,SS23,SS26",instructor-original,instructor-original,instructor-original,instructor-original,yes,yes,canonical-common-knowledge,no,publisher-template-change
BIO-013,Lobes of the cerebral cortex,Neuroscience & Biological Bases,Wade,"FS16,FS17,FS19,FS20v,FS21,FS22,FS24,FS25,SP18,SS16,SS17,SS20,SS21v,SS22,SS23,SS26",instructor-original,instructor-original,instructor-original,instructor-original,yes,yes,canonical-common-knowledge,no,publisher-template-change
BIO-014,Limbic system,Neuroscience & Biological Bases,Wade,"FS16,FS17,FS19,FS20v,FS21,FS22,FS24,FS25,SP18,SS16,SS17,SS20,SS21v,SS22,SS23,SS26",instructor-original,instructor-original,instructor-original,instructor-original,yes,yes,canonical-common-knowledge,no,publisher-template-change
BIO-015,Phineas Gage case,Neuroscience & Biological Bases,Wade,"FS16,FS17,FS19,FS20v,FS21,FS22,FS24,FS25,SS16,SS17,SS20,SS21v,SS23,SS26",instructor-original,instructor-original,instructor-original,instructor-original,yes,yes,canonical-common-knowledge,no,publisher-template-change
BIO-016,Sympathetic / parasympathetic nervous system,Neuroscience & Biological Bases,Wade,"FS16,FS17,FS19,FS20v,FS21,FS22,FS24,FS25,SP18,SS16,SS17,SS20,SS21v,SS22,SS23,SS26",instructor-original,instructor-original,instructor-original,instructor-original,no,yes,canonical-common-knowledge,no,n/a
BIO-017,Endocrine system / hormones overview,Neuroscience & Biological Bases,Wade,"FS16,FS17,FS19,FS20v,FS21,FS22,FS24,FS25,SP18,SS16,SS17,SS20,SS21v,SS22,SS23,SS26",instructor-original,instructor-original,instructor-original,instructor-original,yes,yes,canonical-common-knowledge,no,publisher-template-change
BIO-018,Evolutionary / comparative framing,Neuroscience & Biological Bases,Wade,"FS16,FS17,FS19,FS20v,FS21,FS22,FS24,FS25,SP18,SS16,SS17,SS20,SS21v,SS22,SS23,SS26",instructor-original,instructor-original,instructor-original,instructor-original,yes,yes,canonical-common-knowledge,no,publisher-template-change
BIO-019,Split brain / hemispheres,Neuroscience & Biological Bases,Wade,"FS16,FS17,FS19,FS20v,FS21,FS22,FS24,FS25,SP18,SS16,SS17,SS20,SS21v,SS22,SS23,SS26",instructor-original,instructor-original,instructor-original,instructor-original,yes,yes,canonical-common-knowledge,no,publisher-template-change
SP-001,Transduction,Sensation & Perception,King-4e,"FS19,FS21,FS22,FS25,SS23,SS26",absent,instructor-original,instructor-original,instructor-original,yes,yes,canonical-common-knowledge,no,book-adoption
SP-002,Absolute threshold / difference threshold,Sensation & Perception,King-4e,"FS17,FS19,FS20v,FS21,FS22,FS25,SS20,SS21v,SS23,SS26",absent,instructor-original,instructor-original,instructor-original,yes,yes,canonical-common-knowledge,no,book-adoption
SP-003,Signal detection theory,Sensation & Perception,King-4e,"FS17,FS19,FS20v,FS21,FS22,FS25,SS20,SS21v,SS23,SS26",absent,instructor-original,instructor-original,instructor-original,yes,yes,canonical-common-knowledge,no,book-adoption
SP-004,Weber's law,Sensation & Perception,King-4e,"FS17,FS19,FS20v,FS21,FS22,FS25,SS20,SS21v,SS23,SS26",absent,instructor-original,instructor-original,instructor-original,yes,yes,needs-verification,no,book-adoption
SP-005,Sensory adaptation,Sensation & Perception,Wade,"FS16,FS17,FS19,FS20v,FS21,FS22,FS25,SP18,SS17,SS20,SS21v,SS23,SS26",instructor-original,instructor-original,instructor-original,instructor-original,yes,yes,canonical-common-knowledge,no,instructor-revision
SP-006,Top-down vs. bottom-up processing,Sensation & Perception,King-4e,"FS16,FS17,FS19,FS20v,FS21,FS22,FS25,SP18,SS20,SS21v,SS22,SS23,SS26",absent,instructor-original,instructor-original,instructor-original,yes,yes,canonical-common-knowledge,no,book-adoption
SP-007,Gestalt principles,Sensation & Perception,King-4e,"FS17,FS19,FS20v,FS21,FS22,FS25,SS20,SS21v,SS23,SS26",absent,instructor-original,instructor-original,instructor-original,yes,yes,canonical-common-knowledge,no,book-adoption
SP-008,Visual system (retina / rods / cones / fovea),Sensation & Perception,King-4e,"FS17,FS19,FS20v,FS21,FS22,FS25,SS20,SS21v,SS22,SS23,SS26",absent,instructor-original,instructor-original,instructor-original,yes,yes,canonical-common-knowledge,no,book-adoption
SP-009,Color vision (trichromatic / opponent-process),Sensation & Perception,King-4e,"FS17,FS19,FS20v,FS21,FS22,FS25,SS20,SS21v,SS23,SS26",absent,instructor-original,instructor-original,instructor-original,yes,yes,canonical-common-knowledge,no,book-adoption
SP-010,Depth perception / binocular cues,Sensation & Perception,King-4e,"FS17,FS19,FS20v,FS21,FS22,FS25,SS20,SS21v,SS23,SS26",absent,instructor-original,instructor-original,instructor-original,no,yes,canonical-common-knowledge,no,n/a
SP-011,Hearing: cochlea / basilar membrane / hair cells,Sensation & Perception,King-4e,"FS17,FS19,FS20v,FS21,FS22,FS25,SS20,SS21v,SS23,SS26",absent,instructor-original,instructor-original,instructor-original,yes,yes,canonical-common-knowledge,no,book-adoption
SP-012,Place theory vs. frequency theory (hearing),Sensation & Perception,King-4e,"FS17,FS19,FS20v,FS21,FS22,FS25,SS20,SS21v,SS22,SS23,SS26",absent,instructor-original,instructor-original,instructor-original,no,yes,canonical-common-knowledge,no,n/a
SP-013,Gate control theory (pain),Sensation & Perception,King-4e,"FS19,FS21",absent,instructor-original,instructor-original,instructor-original,yes,yes,canonical-common-knowledge,no,book-adoption
SP-014,Tesla Vision framing (top-down perception demo),Sensation & Perception,Myers-13e,"FS25,SS26",absent,absent,instructor-original,instructor-original,n/a,no,needs-verification,no,n/a
SP-015,Perceptual constancy,Sensation & Perception,King-4e,"FS17,FS19,FS20v,FS21,FS22,FS25,SS20,SS21v,SS23,SS26",absent,instructor-original,instructor-original,instructor-original,yes,yes,canonical-common-knowledge,no,book-adoption
CON-001,Circadian rhythms,States of Consciousness,King-4e,"FS17,FS19,FS20v,FS21,FS22,FS25,SP18,SS20,SS21v,SS22,SS23,SS26",absent,instructor-original,instructor-original,instructor-original,no,yes,canonical-common-knowledge,no,n/a
CON-002,Sleep stages (NREM / REM),States of Consciousness,Wade,"FS16,FS17,FS19,FS20v,FS21,FS22,FS24,FS25,SP18,SS16,SS17,SS20,SS21v,SS22,SS23,SS26,Sum18",instructor-original,instructor-original,instructor-original,instructor-original,yes,yes,canonical-common-knowledge,no,instructor-revision
CON-003,Sleep disorders,States of Consciousness,Wade,"FS16,FS17,FS19,FS20v,FS21,FS22,FS25,SP18,SS16,SS17,SS20,SS21v,SS22,SS23,SS26",instructor-original,instructor-original,instructor-original,instructor-original,yes,yes,canonical-common-knowledge,no,instructor-revision
CON-004,Functions of sleep,States of Consciousness,Wade,"FS16,FS19,FS20v,FS21,FS22,FS25,SP18,SS16,SS17,SS21v,SS22,SS23,SS26",instructor-original,instructor-original,instructor-original,instructor-original,yes,yes,canonical-common-knowledge,no,instructor-revision
CON-005,Dreams / REM and dreaming,States of Consciousness,Wade,"FS16,FS17,FS19,FS20v,FS21,FS22,FS24,FS25,SP18,SS16,SS17,SS20,SS21v,SS22,SS23,SS26",instructor-original,instructor-original,instructor-original,instructor-original,yes,yes,canonical-common-knowledge,no,instructor-revision
CON-006,Psychoactive drugs — overview,States of Consciousness,Wade,"FS16,FS17,FS19,FS20v,FS21,FS22,FS24,FS25,SP18,SS16,SS17,SS20,SS21v,SS22,SS23,SS26",instructor-original,instructor-original,instructor-original,instructor-original,yes,yes,canonical-common-knowledge,no,instructor-revision
CON-007,Depressants (alcohol / barbiturates / opioids),States of Consciousness,Wade,"FS16,FS17,FS19,FS20v,FS21,FS22,FS25,SP18,SS16,SS17,SS20,SS21v,SS23,SS26",instructor-original,instructor-original,instructor-original,instructor-original,yes,yes,canonical-common-knowledge,no,instructor-revision
CON-008,Stimulants (caffeine / cocaine / amphetamines),States of Consciousness,Wade,"FS16,FS17,FS19,FS20v,FS21,FS22,FS24,FS25,SP18,SS16,SS17,SS20,SS21v,SS22,SS23,SS26",instructor-original,instructor-original,instructor-original,instructor-original,yes,yes,canonical-common-knowledge,no,instructor-revision
CON-009,Hallucinogens / THC / LSD,States of Consciousness,Wade,"FS17,FS19,FS20v,FS21,FS22,FS24,FS25,SP18,SS16,SS20,SS21v,SS22,SS23,SS26",instructor-original,instructor-original,instructor-original,instructor-original,yes,yes,canonical-common-knowledge,no,instructor-revision
CON-010,Hypnosis,States of Consciousness,Wade,"FS17,FS21,FS22,FS24,SP18,SS16,SS17,SS20",instructor-original,instructor-original,instructor-original,instructor-original,no,yes,canonical-common-knowledge,no,n/a
CON-011,HM / hippocampus anchor (in sleep/consciousness lecture),States of Consciousness,Wade,"FS16,FS17,FS19,FS20v,FS21,FS22,FS24,FS25,SP18,SS16,SS17,SS20,SS21v,SS22,SS23,SS26,Sum18",instructor-original,instructor-original,instructor-original,instructor-original,yes,yes,canonical-common-knowledge,no,instructor-revision
CON-012,Sleep and memory consolidation,States of Consciousness,Wade,"FS16,FS17,FS19,FS20v,FS21,FS22,FS24,FS25,SP18,SS16,SS17,SS20,SS21v,SS22,SS23,SS26",instructor-original,instructor-original,instructor-original,instructor-original,yes,yes,canonical-common-knowledge,no,instructor-revision
LRN-001,Classical conditioning — core (Pavlov),Learning,Wade,"FS16,FS17,FS19,FS20v,FS21,FS22,FS24,FS25,SP18,SS16,SS17,SS20,SS21v,SS22,SS23,SS26",instructor-original,instructor-original,instructor-original,instructor-original,yes,yes,canonical-common-knowledge,no,instructor-revision
LRN-002,UCS / UCR / CS / CR terminology,Learning,Wade,"FS16,FS17,FS19,FS20v,FS21,FS22,FS24,SP18,SS16,SS17,SS20,SS21v,SS22,SS23,SS26",instructor-original,instructor-original,instructor-original,instructor-original,yes,yes,canonical-common-knowledge,no,instructor-revision
LRN-003,Acquisition / extinction / spontaneous recovery,Learning,Wade,"FS16,FS17,FS19,FS20v,FS21,FS22,FS24,FS25,SP18,SS16,SS17,SS20,SS21v,SS22,SS23,SS26",instructor-original,instructor-original,instructor-original,instructor-original,yes,yes,canonical-common-knowledge,no,instructor-revision
LRN-004,Generalization / discrimination (CC),Learning,Wade,"FS16,FS17,FS19,FS20v,FS21,FS22,FS24,FS25,SP18,SS16,SS17,SS20,SS21v,SS22,SS23,SS26",instructor-original,instructor-original,instructor-original,instructor-original,no,yes,canonical-common-knowledge,no,n/a
LRN-005,Higher-order conditioning,Learning,Wade,"FS16,FS17,FS19,FS21,FS22,FS24,SS16,SS17,SS20,SS22,SS23,SS26",instructor-original,instructor-original,instructor-original,instructor-original,yes,yes,canonical-common-knowledge,no,instructor-revision
LRN-006,Little Albert (Watson & Rayner),Learning,Wade,"FS16,FS20v,FS21,FS22,FS24,SP18,SS17,SS20,SS21v,SS22,SS23,SS26",instructor-original,instructor-original,instructor-original,instructor-original,yes,yes,canonical-common-knowledge,no,instructor-revision
LRN-007,Operant conditioning — core (Skinner / Thorndike),Learning,Wade,"FS16,FS17,FS19,FS20v,FS21,FS22,FS24,FS25,SP18,SS16,SS17,SS20,SS21v,SS22,SS23,SS26",instructor-original,instructor-original,instructor-original,instructor-original,yes,yes,canonical-common-knowledge,no,instructor-revision
LRN-008,Reinforcement types (positive / negative),Learning,Wade,"FS16,FS19,FS20v,FS21,FS22,FS24,FS25,SP18,SS17,SS20,SS21v,SS22,SS23,SS26",instructor-original,instructor-original,instructor-original,instructor-original,yes,yes,canonical-common-knowledge,no,instructor-revision
LRN-009,Punishment types (positive / negative),Learning,Wade,"FS16,FS19,FS20v,FS21,FS22,FS24,FS25,SP18,SS17,SS20,SS21v,SS22,SS23,SS26",instructor-original,instructor-original,instructor-original,instructor-original,yes,yes,canonical-common-knowledge,no,instructor-revision
LRN-010,Schedules of reinforcement,Learning,Wade,"FS16,FS19,FS20v,FS21,FS22,FS24,FS25,SP18,SS16,SS17,SS20,SS21v,SS22,SS23,SS26",instructor-original,instructor-original,instructor-original,instructor-original,yes,yes,canonical-common-knowledge,no,instructor-revision
LRN-011,Shaping,Learning,King-3e,"FS16,FS17,FS19,FS20v,FS21,FS22,FS24,FS25,SP18,SS20,SS21v,SS22,SS23,SS26",absent,instructor-original,instructor-original,instructor-original,yes,yes,canonical-common-knowledge,no,book-adoption
LRN-012,Biological constraints / taste aversion (Garcia),Learning,Wade,"FS16,FS19,FS20v,FS21,FS22,FS24,FS25,SP18,SS16,SS17,SS20,SS21v,SS22,SS23,SS26",instructor-original,instructor-original,instructor-original,instructor-original,yes,yes,canonical-common-knowledge,no,instructor-revision
LRN-013,Observational learning / Bandura / Bobo doll,Learning,Wade,"FS16,FS17,FS19,FS20v,FS21,FS22,FS24,FS25,SP18,SS16,SS17,SS20,SS21v,SS22,SS23,SS26",instructor-original,instructor-original,instructor-original,instructor-original,yes,yes,canonical-common-knowledge,no,instructor-revision
LRN-014,Latent learning / cognitive map (Tolman),Learning,Wade,"FS16,FS19,FS21,FS22,FS24,FS25,SP18,SS17,SS21v,SS22,SS23,SS26",instructor-original,instructor-original,instructor-original,instructor-original,yes,yes,canonical-common-knowledge,no,instructor-revision
LRN-015,Mirror neurons,Learning,Wade,"FS17,FS19,FS20v,FS21,FS22,FS24,FS25,SS17,SS20,SS21v,SS22,SS23,SS26",instructor-original,instructor-original,instructor-original,instructor-original,yes,yes,canonical-common-knowledge,no,instructor-revision
LRN-016,Dopamine and reinforcement schedules (Sapolsky framing),Learning,Wade,"FS16,FS17,FS19,FS20v,FS21,FS22,FS24,FS25,SP18,SS16,SS17,SS20,SS21v,SS22,SS23,SS26",instructor-original,instructor-original,instructor-original,instructor-original,no,yes,needs-verification,no,n/a
LRN-017,Intrinsic vs. extrinsic motivation (learning context),Learning,Wade,"FS16,FS17,FS21,FS22,SS17,SS21v,SS22",instructor-original,instructor-original,instructor-original,instructor-original,no,yes,canonical-common-knowledge,no,n/a
MEM-001,Reconstructive nature of memory,Memory,Wade,"FS16,FS17,FS19,FS21,FS25,SP18,SS16,SS17,SS26",instructor-original,publisher-supplied,instructor-original,mixed,yes,yes,canonical-common-knowledge,no,publisher-template-change
MEM-002,Encoding / storage / retrieval (3 stages),Memory,Wade,"FS16,FS17,FS19,FS20v,FS21,FS22,FS24,FS25,SP18,SS16,SS17,SS20,SS21v,SS22,SS23,SS26",instructor-original,publisher-supplied,instructor-original,mixed,no,yes,canonical-common-knowledge,no,n/a
MEM-003,Atkinson-Shiffrin three-box model,Memory,Wade,"FS16,FS17,FS19,FS21,FS22,FS25,SP18,SS16,SS17,SS20,SS21v,SS22,SS23,SS26",instructor-original,publisher-supplied,instructor-original,mixed,no,yes,canonical-common-knowledge,no,n/a
MEM-004,Sensory memory — iconic / echoic,Memory,Wade,"FS16,FS17,FS19,FS20v,FS21,FS22,FS25,SP18,SS16,SS17,SS20,SS21v,SS22,SS23,SS26",instructor-original,publisher-supplied,instructor-original,mixed,yes,yes,canonical-common-knowledge,no,publisher-template-change
MEM-005,Sperling sensory memory in-class demo,Memory,King-4e,"FS16,FS17,FS19,FS21,FS22,SS17,SS20,SS21v,SS22",publisher-supplied,publisher-supplied,instructor-original,mixed,no,yes,canonical-common-knowledge,no,n/a
MEM-006,STM capacity (7±2 / Miller 1956),Memory,Wade,"FS16,FS17,FS19,FS20v,FS21,FS22,FS24,FS25,SP18,SS16,SS17,SS20,SS21v,SS22,SS23,SS26,Sum18",instructor-original,publisher-supplied,instructor-original,mixed,yes,yes,canonical-common-knowledge,no,publisher-template-change
MEM-007,Working memory — Baddeley model,Memory,Wade,"FS16,FS17,FS19,FS20v,FS21,FS22,FS24,FS25,SP18,SS16,SS17,SS20,SS21v,SS22,SS23,SS26",instructor-original,publisher-supplied,instructor-original,mixed,yes,yes,canonical-common-knowledge,no,publisher-template-change
MEM-008,Explicit vs. implicit memory,Memory,Wade,"FS16,FS17,FS19,FS21,FS22,FS24,FS25,SP18,SS16,SS17,SS20,SS21v,SS22,SS23,SS26",instructor-original,publisher-supplied,instructor-original,mixed,yes,yes,canonical-common-knowledge,no,publisher-template-change
MEM-009,Episodic vs. semantic memory,Memory,Wade,"FS16,FS17,FS19,FS21,FS22,FS24,FS25,SS16,SS17,SS20,SS21v,SS22,SS23,SS26",instructor-original,publisher-supplied,instructor-original,mixed,yes,yes,canonical-common-knowledge,no,publisher-template-change
MEM-010,Procedural memory,Memory,King-3e,"FS16,FS17,FS19,FS20v,FS21,FS24,FS25,SS16,SS17,SS20,SS21v,SS26",publisher-supplied,publisher-supplied,instructor-original,mixed,no,yes,canonical-common-knowledge,no,n/a
MEM-011,Long-term potentiation (LTP),Memory,Wade,"FS16,FS17,FS21,FS22,FS24,FS25,SP18,SS16,SS17,SS22,SS23,SS26",instructor-original,publisher-supplied,instructor-original,mixed,yes,yes,canonical-common-knowledge,no,publisher-template-change
MEM-012,Elaboration as encoding strategy (concept — cue network packaging flagged),Memory,Wade,"FS16,FS17,FS19,FS20v,FS21,FS25,SP18,SS16,SS17,SS20,SS21v",instructor-original,publisher-supplied,instructor-original,mixed,yes,yes,canonical-common-knowledge,no,publisher-template-change
MEM-013,Levels of processing — deep vs. shallow,Memory,Wade,"FS16,FS17,FS19,FS21,FS22,FS24,FS25,SP18,SS16,SS17,SS20,SS21v,SS22,SS23,SS26",instructor-original,publisher-supplied,instructor-original,mixed,yes,yes,canonical-common-knowledge,no,publisher-template-change
MEM-014,Serial position effect (primacy / recency),Memory,Wade,"FS16,FS17,FS19,FS20v,FS21,FS22,FS25,SP18,SS17,SS20,SS21v,SS22,SS23,SS26",instructor-original,publisher-supplied,instructor-original,mixed,yes,yes,canonical-common-knowledge,no,publisher-template-change
MEM-015,Interference theory (proactive / retroactive),Memory,Wade,"FS16,FS17,FS19,FS21,FS25,SP18,SS17,SS26",instructor-original,publisher-supplied,instructor-original,mixed,yes,yes,canonical-common-knowledge,no,publisher-template-change
MEM-016,Decay theory,Memory,Wade,"FS16,FS17,FS19,SP18,SS16,SS17,SS20,SS21v",instructor-original,publisher-supplied,absent,mixed,yes,yes,canonical-common-knowledge,no,instructor-revision
MEM-017,Tip-of-the-tongue phenomenon,Memory,Wade,"FS16,FS17,FS19,FS21,FS25,SP18,SS16,SS17",instructor-original,publisher-supplied,instructor-original,mixed,yes,yes,canonical-common-knowledge,no,publisher-template-change
MEM-018,Eyewitness testimony / misinformation effect,Memory,Wade,"FS16,FS17,FS19,FS20v,FS21,FS22,FS24,FS25,SP18,SS16,SS17,SS22,SS23,SS26",instructor-original,publisher-supplied,instructor-original,mixed,yes,yes,canonical-common-knowledge,no,publisher-template-change
MEM-019,Confabulation,Memory,Wade,"FS16,FS17,SP18,SS16,SS17",instructor-original,publisher-supplied,absent,mixed,no,yes,needs-verification,no,n/a
MEM-020,Source misattribution / source confusion,Memory,Wade,"FS16,FS17,FS21,FS22,FS24,FS25,SP18,SS16,SS17,SS22,SS23,SS26",instructor-original,publisher-supplied,instructor-original,mixed,yes,yes,needs-verification,no,publisher-template-change
MEM-021,Amnesia — anterograde / retrograde,Memory,Myers-13e,"FS16,FS21,FS22,FS25,SS17,SS22,SS23,SS26",publisher-supplied,publisher-supplied,instructor-original,instructor-original,n/a,no,canonical-common-knowledge,no,n/a
MEM-022,Flashbulb memories,Memory,Wade,"FS16,FS17,FS19,FS21,FS22,FS24,FS25,SP18,SS16,SS17,SS20,SS21v,SS22,SS23,SS26",instructor-original,publisher-supplied,instructor-original,mixed,yes,yes,canonical-common-knowledge,no,publisher-template-change
MEM-023,Chunking,Memory,Wade,"FS16,FS17,FS19,FS20v,FS21,FS22,FS24,FS25,SP18,SS16,SS17,SS20,SS21v,SS22,SS23,SS26",instructor-original,publisher-supplied,instructor-original,mixed,no,yes,canonical-common-knowledge,no,n/a
MEM-024,Spacing effect / distributed practice,Memory,Wade,"FS16,FS17,FS19,FS20v,FS21,FS22,FS24,FS25,SP18,SS17,SS20,SS21v,SS22,SS23,SS26",instructor-original,publisher-supplied,instructor-original,mixed,yes,yes,canonical-common-knowledge,no,publisher-template-change
MEM-025,Testing effect (retrieval practice),Memory,Wade,"FS21,FS22,FS24,FS25,SP18,SS17,SS22,SS23,SS26",instructor-original,publisher-supplied,instructor-original,mixed,yes,yes,canonical-common-knowledge,no,publisher-template-change
MEM-026,Mnemonics,Memory,Wade,"FS16,FS17,FS19,FS20v,FS21,FS22,FS24,FS25,SP18,SS16,SS17,SS20,SS21v,SS22,SS23,SS26",instructor-original,publisher-supplied,instructor-original,mixed,yes,yes,canonical-common-knowledge,no,publisher-template-change
MEM-027,HM case study (memory brain),Memory,Wade,"FS16,FS17,FS19,FS20v,FS21,FS22,FS24,FS25,SP18,SS16,SS17,SS20,SS21v,SS22,SS23,SS26",instructor-original,publisher-supplied,instructor-original,mixed,yes,yes,canonical-common-knowledge,no,publisher-template-change
TLI-001,Concepts and prototypes,"Thinking, Language & Intelligence",Wade,"FS16,FS17,FS19,FS20v,FS21,FS22,FS24,FS25,SP18,SS16,SS17,SS20,SS21v,SS22,SS23,SS26,Sum18",instructor-original,instructor-original,instructor-original,instructor-original,yes,yes,canonical-common-knowledge,no,instructor-revision
TLI-002,Problem solving (algorithms / heuristics),"Thinking, Language & Intelligence",Wade,"FS16,FS17,FS19,FS20v,FS21,FS22,FS25,SP18,SS16,SS17,SS20,SS21v,SS22,SS23,SS26",instructor-original,instructor-original,instructor-original,instructor-original,yes,yes,canonical-common-knowledge,no,instructor-revision
TLI-003,Availability heuristic,"Thinking, Language & Intelligence",Wade,"FS16,FS17,FS19,FS20v,FS21,FS22,FS25,SP18,SS16,SS17,SS20,SS21v,SS22,SS23,SS26",instructor-original,instructor-original,instructor-original,instructor-original,no,yes,canonical-common-knowledge,no,n/a
TLI-004,Representativeness heuristic,"Thinking, Language & Intelligence",King-3e,"FS16,FS17,FS19,FS20v,FS21,SP18,SS20,SS21v",absent,instructor-original,instructor-original,instructor-original,yes,yes,canonical-common-knowledge,no,book-adoption
TLI-005,Confirmation bias,"Thinking, Language & Intelligence",Wade,"FS16,FS17,FS19,FS20v,FS21,FS25,SP18,SS16,SS17,SS20,SS21v,SS26",instructor-original,instructor-original,instructor-original,instructor-original,no,yes,canonical-common-knowledge,no,n/a
TLI-006,Framing effect,"Thinking, Language & Intelligence",Wade,"FS16,FS20v,FS21,SS17,SS21v,SS26",instructor-original,instructor-original,instructor-original,instructor-original,no,yes,canonical-common-knowledge,no,n/a
TLI-007,Language structure (morpheme / phoneme / syntax),"Thinking, Language & Intelligence",Wade,"FS16,FS17,FS21,SS17,SS21v,SS26",instructor-original,instructor-original,instructor-original,instructor-original,yes,yes,canonical-common-knowledge,no,instructor-revision
TLI-008,Language acquisition / Chomsky / LAD,"Thinking, Language & Intelligence",Wade,"FS16,FS17,FS21,FS25,SS16,SS17,SS21v,SS26",instructor-original,instructor-original,instructor-original,instructor-original,yes,yes,canonical-common-knowledge,no,instructor-revision
TLI-009,Linguistic relativity / Whorf hypothesis,"Thinking, Language & Intelligence",King-4e,"FS21,SS21v",absent,instructor-original,instructor-original,instructor-original,no,yes,canonical-common-knowledge,no,n/a
TLI-010,g factor / general intelligence (Spearman),"Thinking, Language & Intelligence",Wade,"FS16,FS17,FS19,FS20v,FS21,SP18,SS16,SS17,SS20,SS26",instructor-original,instructor-original,instructor-original,instructor-original,yes,yes,canonical-common-knowledge,no,instructor-revision
TLI-011,Fluid vs. crystallized intelligence,"Thinking, Language & Intelligence",Wade,"FS16,FS17,SS17,SS26",instructor-original,instructor-original,instructor-original,instructor-original,no,yes,canonical-common-knowledge,no,n/a
TLI-012,Gardner's multiple intelligences,"Thinking, Language & Intelligence",King-4e,"FS16,FS17,FS19,FS20v,FS21,SP18,SS20",absent,instructor-original,instructor-original,instructor-original,yes,yes,canonical-common-knowledge,no,book-adoption
TLI-013,Sternberg's triarchic theory,"Thinking, Language & Intelligence",Wade,"FS16,FS17,FS19,FS20v,FS21,SP18,SS17,SS20,SS21v",instructor-original,instructor-original,instructor-original,instructor-original,yes,yes,canonical-common-knowledge,no,instructor-revision
TLI-014,IQ / standardization / reliability / validity,"Thinking, Language & Intelligence",Wade,"FS16,FS17,FS19,FS20v,FS21,FS22,FS24,FS25,SP18,SS16,SS17,SS20,SS21v,SS22,SS23,SS26",instructor-original,instructor-original,instructor-original,instructor-original,yes,yes,canonical-common-knowledge,no,instructor-revision
TLI-015,Cognitive biases in decision making,"Thinking, Language & Intelligence",Wade,"FS16,FS17,FS19,FS20v,FS21,FS22,FS24,FS25,SP18,SS16,SS17,SS20,SS21v,SS22,SS23,SS26",instructor-original,instructor-original,instructor-original,instructor-original,yes,yes,canonical-common-knowledge,no,instructor-revision
DEV-001,Piaget stages overview,Lifespan Development,Wade,"FS16,FS17,FS20v,FS21,FS22,FS24,FS25,SP18,SS16,SS17,SS20,SS22,SS23,SS26",instructor-original,instructor-original,instructor-original,instructor-original,no,yes,canonical-common-knowledge,no,n/a
DEV-002,Object permanence,Lifespan Development,Wade,"FS16,FS17,FS20v,FS21,FS22,FS25,SP18,SS17,SS20,SS23,SS26",instructor-original,instructor-original,instructor-original,instructor-original,yes,yes,canonical-common-knowledge,no,instructor-revision
DEV-003,Conservation,Lifespan Development,Wade,"FS16,FS17,FS20v,FS21,FS22,FS25,SP18,SS17,SS20,SS23,SS26",instructor-original,instructor-original,instructor-original,instructor-original,yes,yes,canonical-common-knowledge,no,instructor-revision
DEV-004,Egocentrism,Lifespan Development,Wade,"FS16,FS17,FS20v,FS21,FS22,FS24,FS25,SP18,SS17,SS20,SS23,SS26",instructor-original,instructor-original,instructor-original,instructor-original,yes,yes,canonical-common-knowledge,no,instructor-revision
DEV-005,Schema / assimilation / accommodation,Lifespan Development,Wade,"FS16,FS17,FS19,FS20v,FS21,FS22,FS24,FS25,SP18,SS16,SS17,SS20,SS22,SS23,SS26,Sum18",instructor-original,instructor-original,instructor-original,instructor-original,yes,yes,canonical-common-knowledge,no,instructor-revision
DEV-006,Vygotsky / ZPD / scaffolding,Lifespan Development,King-4e,"FS17,FS20v,FS21,FS22,FS25,SP18,SS20,SS23,SS26",absent,instructor-original,instructor-original,instructor-original,yes,yes,canonical-common-knowledge,no,book-adoption
DEV-007,Attachment theory / Ainsworth,Lifespan Development,Wade,"FS16,FS17,FS19,FS20v,FS21,FS22,FS24,FS25,SP18,SS16,SS17,SS20,SS21v,SS22,SS23,SS26",instructor-original,instructor-original,instructor-original,instructor-original,yes,yes,canonical-common-knowledge,no,instructor-revision
DEV-008,Erikson's psychosocial stages,Lifespan Development,King-3e,"FS16,FS21,FS22,FS25,SP18,SS20,SS21v,SS23,SS26",absent,instructor-original,instructor-original,instructor-original,no,yes,canonical-common-knowledge,no,n/a
DEV-009,Kohlberg moral development,Lifespan Development,Wade,"FS16,FS17,FS21,FS22,FS25,SS17,SS20,SS23,SS26",instructor-original,instructor-original,instructor-original,instructor-original,yes,yes,canonical-common-knowledge,no,instructor-revision
DEV-010,Adolescence / identity / puberty,Lifespan Development,Wade,"FS16,FS17,FS19,FS20v,FS21,FS22,FS24,FS25,SP18,SS16,SS17,SS20,SS21v,SS22,SS23,SS26",instructor-original,instructor-original,instructor-original,instructor-original,no,yes,canonical-common-knowledge,no,n/a
DEV-011,Orchid vs. dandelion children framing,Lifespan Development,Wade,"FS16,FS17,FS20v,FS21,FS22,FS25,SS16,SS17,SS20,SS23,SS26",instructor-original,instructor-original,instructor-original,instructor-original,no,yes,canonical-common-knowledge,no,n/a
DEV-012,Teratogens / prenatal development,Lifespan Development,Wade,"FS16,FS17,FS19,FS20v,FS21,FS22,FS25,SP18,SS16,SS17,SS20,SS21v,SS22,SS23,SS26",instructor-original,instructor-original,instructor-original,instructor-original,yes,yes,canonical-common-knowledge,no,instructor-revision
DEV-013,Parenting styles,Lifespan Development,Wade,"FS16,FS17,FS19,FS20v,FS21,FS22,FS25,SP18,SS17,SS20,SS23,SS26",instructor-original,instructor-original,instructor-original,instructor-original,yes,yes,canonical-common-knowledge,no,instructor-revision
DEV-014,Aging and cognitive decline,Lifespan Development,Wade,"FS16,FS17,FS19,FS20v,FS21,FS22,FS24,FS25,SP18,SS16,SS17,SS20,SS21v,SS22,SS23,SS26",instructor-original,instructor-original,instructor-original,instructor-original,yes,yes,canonical-common-knowledge,no,instructor-revision
SOC-001,Fundamental attribution error,Social Psychology,Wade,"FS17,FS19,FS20v,FS21,FS22,FS24,FS25,SS17,SS20,SS22,SS23,SS26",instructor-original,instructor-original,instructor-original,instructor-original,yes,yes,canonical-common-knowledge,no,instructor-revision
SOC-002,Self-serving bias,Social Psychology,Wade,"FS17,FS19,FS20v,FS25,SS17,SS20,SS26",instructor-original,instructor-original,instructor-original,instructor-original,yes,yes,canonical-common-knowledge,no,instructor-revision
SOC-003,Cognitive dissonance,Social Psychology,Wade,"FS16,FS17,FS19,FS20v,FS21,FS22,FS24,FS25,SS16,SS17,SS20,SS22,SS23,SS26",instructor-original,instructor-original,instructor-original,instructor-original,yes,yes,canonical-common-knowledge,no,instructor-revision
SOC-004,Conformity / Asch,Social Psychology,Wade,"FS17,FS19,FS20v,FS21,FS22,FS24,FS25,SS17,SS20,SS22,SS23,SS26",instructor-original,instructor-original,instructor-original,instructor-original,yes,yes,canonical-common-knowledge,no,instructor-revision
SOC-005,Obedience / Milgram,Social Psychology,Wade,"FS17,FS19,FS20v,FS21,FS22,FS24,FS25,SP18,SS17,SS20,SS21v,SS22,SS23,SS26",instructor-original,instructor-original,instructor-original,instructor-original,yes,yes,canonical-common-knowledge,no,instructor-revision
SOC-006,Stanford Prison Experiment / Zimbardo,Social Psychology,Wade,"FS16,FS17,FS19,FS20v,FS21,FS25,SS17,SS20,SS26",instructor-original,instructor-original,instructor-original,instructor-original,yes,yes,canonical-common-knowledge,no,instructor-revision
SOC-007,Social facilitation / social loafing,Social Psychology,King-4e,"FS19,FS20v,FS21,FS24,FS25,SS20,SS22,SS23,SS26",absent,instructor-original,instructor-original,instructor-original,no,yes,canonical-common-knowledge,no,n/a
SOC-008,Group polarization / groupthink,Social Psychology,King-4e,"FS19,FS20v,FS21,FS22,FS24,FS25,SS20,SS22,SS23,SS26",absent,instructor-original,instructor-original,instructor-original,yes,yes,canonical-common-knowledge,no,book-adoption
SOC-009,Prejudice / stereotypes / discrimination,Social Psychology,Wade,"FS16,FS17,FS19,FS20v,FS21,FS22,FS24,FS25,SP18,SS16,SS17,SS20,SS21v,SS22,SS23,SS26",instructor-original,instructor-original,instructor-original,instructor-original,yes,yes,canonical-common-knowledge,no,instructor-revision
SOC-010,Bystander effect / diffusion of responsibility,Social Psychology,King-4e,"FS17,FS19,FS20v,FS21,SS20",absent,instructor-original,instructor-original,instructor-original,yes,yes,canonical-common-knowledge,no,book-adoption
SOC-011,Altruism,Social Psychology,King-3e,"FS16,FS19,FS20v,FS21,SS20,SS21v",absent,instructor-original,instructor-original,instructor-original,yes,yes,canonical-common-knowledge,no,book-adoption
SOC-012,Aggression,Social Psychology,Wade,"FS16,FS17,FS19,FS20v,FS21,FS22,FS25,SP18,SS16,SS17,SS20,SS21v,SS22,SS23,SS26",instructor-original,instructor-original,instructor-original,instructor-original,yes,yes,canonical-common-knowledge,no,instructor-revision
PER-001,Freud — id / ego / superego / structure,Personality,Wade,"FS16,FS17,FS19,FS20v,FS21,FS22,FS24,FS25,SP18,SS16,SS17,SS20,SS21v,SS22,SS23,SS26,Sum18",instructor-original,publisher-supplied,instructor-original,mixed,yes,yes,canonical-common-knowledge,no,publisher-template-change
PER-002,Defense mechanisms,Personality,Wade,"FS16,FS21,FS22,FS24,FS25,SP18,SS17,SS22,SS23,SS26",instructor-original,publisher-supplied,instructor-original,mixed,yes,yes,canonical-common-knowledge,no,publisher-template-change
PER-003,Psychosexual stages,Personality,unknown,none,absent,absent,absent,absent,n/a,n/a,canonical-common-knowledge,no,n/a
PER-005,Humanistic — Rogers / self-concept / unconditional positive regard,Personality,Wade,"FS16,FS17,FS19,FS20v,FS21,FS22,FS24,FS25,SP18,SS17,SS20,SS22,SS23,SS26",instructor-original,publisher-supplied,instructor-original,mixed,yes,yes,canonical-common-knowledge,no,publisher-template-change
PER-006,Big Five / OCEAN,Personality,Wade,"FS19,FS20v,FS21,FS25,SS16,SS17",instructor-original,publisher-supplied,instructor-original,mixed,yes,yes,canonical-common-knowledge,no,publisher-template-change
PER-007,Personality assessment (MMPI / Rorschach / TAT),Personality,Wade,"FS16,FS17,FS19,FS20v,FS21,FS22,FS24,FS25,SP18,SS16,SS17,SS20,SS21v,SS22,SS23,SS26,Sum18",instructor-original,publisher-supplied,instructor-original,mixed,yes,yes,canonical-common-knowledge,no,publisher-template-change
PER-008,Person-situation debate,Personality,King-3e,FS16,absent,publisher-supplied,absent,publisher-supplied,n/a,no,canonical-common-knowledge,no,n/a
MOT-001,Maslow's hierarchy of needs,Motivation & Emotion,King-3e,"FS16,SP18",absent,instructor-original,absent,instructor-original,n/a,no,canonical-common-knowledge,no,n/a
MOT-002,Intrinsic vs. extrinsic motivation,Motivation & Emotion,Wade,"FS16,FS17,FS21,FS22,SS17,SS21v,SS22",instructor-original,instructor-original,instructor-original,instructor-original,no,yes,canonical-common-knowledge,no,n/a
MOT-003,Self-determination theory (Deci & Ryan),Motivation & Emotion,Wade,"FS16,FS17,FS19,FS20v,FS21,FS22,FS24,FS25,SP18,SS16,SS17,SS20,SS21v,SS22,SS23,SS26",instructor-original,instructor-original,instructor-original,instructor-original,yes,yes,canonical-common-knowledge,no,instructor-revision
MOT-004,Theories of emotion (James-Lange / Cannon-Bard / Schachter),Motivation & Emotion,King-3e,"FS16,FS21",absent,instructor-original,instructor-original,instructor-original,yes,yes,canonical-common-knowledge,no,book-adoption
MOT-005,Basic emotions / Ekman,Motivation & Emotion,Wade,"FS16,SS16,SS17",instructor-original,instructor-original,absent,instructor-original,no,yes,canonical-common-knowledge,no,n/a
MOT-006,Stress and GAS (Selye),Motivation & Emotion,Wade,"FS16,FS17,FS21,FS22,SP18,SS17,SS21v,SS26",instructor-original,instructor-original,instructor-original,instructor-original,no,yes,canonical-common-knowledge,no,n/a
MOT-007,Fight-or-flight / tend-and-befriend,Motivation & Emotion,Wade,"FS16,FS17,FS19,FS20v,FS21,FS22,FS24,FS25,SS17,SS20,SS21v,SS22,SS23,SS26",instructor-original,instructor-original,instructor-original,instructor-original,yes,yes,canonical-common-knowledge,no,instructor-revision
MOT-008,Coping styles (problem-focused / emotion-focused),Motivation & Emotion,Wade,"FS16,FS17,FS19,FS20v,FS21,FS22,FS25,SP18,SS16,SS17,SS20",instructor-original,instructor-original,instructor-original,instructor-original,yes,yes,canonical-common-knowledge,no,instructor-revision
DIS-001,Defining abnormal behavior (DSM),Psychological Disorders & Therapy,Wade,"FS16,FS17,FS19,FS20v,FS21,FS22,FS24,FS25,SP18,SS16,SS17,SS20,SS22,SS23,SS26",instructor-original,instructor-original,instructor-original,instructor-original,no,yes,canonical-common-knowledge,no,n/a
DIS-002,Anxiety disorders (GAD / phobia / panic / OCD / PTSD),Psychological Disorders & Therapy,Wade,"FS16,FS17,FS19,FS20v,FS21,FS22,FS24,FS25,SP18,SS16,SS17,SS20,SS21v,SS22,SS23,SS26",instructor-original,instructor-original,instructor-original,instructor-original,yes,yes,canonical-common-knowledge,no,instructor-revision
DIS-003,Major depressive disorder,Psychological Disorders & Therapy,Wade,"FS16,FS17,FS19,FS20v,FS21,FS22,FS25,SP18,SS16,SS17,SS20,SS22,SS23,SS26",instructor-original,instructor-original,instructor-original,instructor-original,yes,yes,canonical-common-knowledge,no,instructor-revision
DIS-004,Bipolar disorder,Psychological Disorders & Therapy,Wade,"FS16,FS17,FS19,FS20v,FS21,FS22,FS24,FS25,SP18,SS16,SS17,SS20,SS21v,SS22,SS23,SS26",instructor-original,instructor-original,instructor-original,instructor-original,yes,yes,canonical-common-knowledge,no,instructor-revision
DIS-005,Schizophrenia,Psychological Disorders & Therapy,Wade,"FS16,FS17,FS19,FS20v,FS21,FS22,FS24,FS25,SP18,SS16,SS17,SS20,SS21v,SS22,SS23",instructor-original,instructor-original,instructor-original,instructor-original,yes,yes,canonical-common-knowledge,no,instructor-revision
DIS-006,Personality disorders,Psychological Disorders & Therapy,Wade,"FS16,FS17,FS19,FS20v,FS21,FS22,FS24,FS25,SP18,SS16,SS17,SS20,SS22,SS23",instructor-original,instructor-original,instructor-original,instructor-original,yes,yes,canonical-common-knowledge,no,instructor-revision
DIS-007,CBT (cognitive-behavioral therapy),Psychological Disorders & Therapy,King-3e,"FS16,FS17,FS19,FS20v,FS25,SP18,SS20",absent,instructor-original,instructor-original,instructor-original,no,yes,canonical-common-knowledge,no,n/a
DIS-008,Psychoanalytic / insight therapies,Psychological Disorders & Therapy,Wade,"FS16,FS17,FS19,FS20v,FS21,FS25,SP18,SS17,SS20,SS21v",instructor-original,instructor-original,instructor-original,instructor-original,yes,yes,canonical-common-knowledge,no,instructor-revision
DIS-009,Humanistic therapy / client-centered,Psychological Disorders & Therapy,unknown,SP18,absent,publisher-supplied,absent,publisher-supplied,n/a,n/a,needs-verification,yes,n/a
DIS-010,Drug therapies (antidepressants / antipsychotics),Psychological Disorders & Therapy,Wade,"FS16,FS17,FS19,FS20v,FS21,FS22,FS24,FS25,SP18,SS16,SS17,SS20,SS21v,SS22,SS23,SS26",instructor-original,instructor-original,instructor-original,instructor-original,yes,yes,canonical-common-knowledge,no,instructor-revision
DIS-011,Electroconvulsive therapy (ECT),Psychological Disorders & Therapy,Wade,"FS16,FS17,FS19,FS20v,FS21,FS22,FS24,FS25,SP18,SS16,SS17,SS20,SS21v,SS22,SS23,SS26,Sum18",instructor-original,instructor-original,instructor-original,instructor-original,yes,yes,canonical-common-knowledge,no,instructor-revision
DIS-012,Neurodevelopmental — ADHD / autism,Psychological Disorders & Therapy,Wade,"FS16,FS17,FS19,FS20v,FS21,FS22,FS25,SP18,SS16,SS17,SS20,SS21v,SS22,SS23,SS26",instructor-original,instructor-original,instructor-original,instructor-original,yes,yes,canonical-common-knowledge,no,instructor-revision
